iter	RMSE
0	0.6979433971
1	0.6897838465
2	0.6814664473
3	0.6739134945
4	0.6659366105
